,Country,Cases
0,Singapore,10.0
1,Singapore,13.0
2,Singapore,16.0
3,Singapore,18.0
4,Singapore,18.0
5,Singapore,18.0
6,Singapore,24.0
7,Singapore,28.0
8,Singapore,30.0
9,Singapore,33.0
10,Singapore,40.0
11,Singapore,43.0
12,Singapore,45.0
13,Singapore,47.0
14,Singapore,50.0
15,Singapore,58.0
16,Singapore,67.0
17,Singapore,72.0
18,Singapore,75.0
19,Singapore,77.0
20,Singapore,81.0
21,Singapore,84.0
22,Singapore,85.0
23,Singapore,86.0
24,Singapore,89.0
25,Singapore,89.0
26,Singapore,90.0
27,Singapore,91.0
28,Singapore,93.0
29,Singapore,96.0
30,Singapore,98.0
31,Singapore,102.0
32,Singapore,106.0
33,Singapore,108.0
34,Singapore,110.0
35,Singapore,112.0
36,Singapore,117.0
37,Singapore,130.0
38,Singapore,138.0
39,Singapore,150.0
40,Singapore,160.0
41,Singapore,166.0
42,Singapore,178.0
43,Singapore,187.0
44,Singapore,200.0
45,Singapore,212.0
46,Singapore,226.0
47,Singapore,243.0
48,Singapore,266.0
49,Singapore,313.0
50,Singapore,345.0
51,Singapore,385.0
52,Singapore,432.0
53,Singapore,455.0
54,Singapore,509.0
55,Singapore,558.0
56,Singapore,631.0
57,Singapore,683.0
58,Singapore,732.0
59,Singapore,802.0
60,Singapore,844.0
61,Singapore,879.0
62,Singapore,926.0
63,Singapore,1000.0
64,Singapore,1049.0
65,Singapore,1114.0
66,Singapore,1189.0
67,Singapore,1309.0
68,Singapore,1375.0
69,Singapore,1481.0
70,Singapore,1623.0
71,Singapore,1910.0
72,Singapore,2108.0
73,Singapore,2299.0
74,Singapore,2532.0
75,Singapore,2918.0
76,Singapore,3252.0
77,Singapore,3699.0
78,Singapore,4427.0
79,Singapore,5050.0
80,Singapore,5992.0
81,Singapore,6588.0
82,Singapore,8014.0
83,Singapore,9125.0
84,Singapore,10141.0
85,Singapore,11178.0
86,Singapore,12075.0
87,Singapore,12693.0
88,Singapore,13624.0
89,Singapore,14423.0
90,Singapore,14951.0
91,Singapore,15641.0
92,Singapore,16169.0
93,Singapore,17101.0
94,Singapore,17548.0
95,Singapore,18205.0
96,Singapore,18778.0
97,Singapore,19410.0
98,Singapore,20198.0
99,Singapore,20939.0
100,Singapore,21707.0
101,Singapore,22460.0
102,Singapore,23336.0
103,Singapore,23787.0
104,Singapore,24671.0
105,Singapore,25346.0
106,Singapore,26098.0
107,Singapore,26891.0
108,Singapore,27356.0
109,Singapore,28038.0
110,Singapore,28343.0
111,Singapore,28794.0
112,Singapore,29364.0
113,Singapore,29812.0
114,Singapore,30426.0
115,Singapore,31068.0
116,Singapore,31616.0
117,Singapore,31960.0
118,Singapore,32343.0
119,Singapore,32876.0
120,Singapore,33249.0
121,Singapore,33860.0
122,Singapore,34366.0
123,Singapore,34884.0
124,Singapore,35292.0
125,Singapore,35836.0
126,Singapore,36405.0
127,Singapore,36922.0
128,Singapore,37183.0
129,Singapore,37527.0
130,Singapore,37910.0
131,Singapore,38296.0
132,Singapore,38514.0
133,Singapore,38965.0
134,Singapore,39387.0
135,Singapore,39850.0
136,Singapore,40197.0
137,Singapore,40604.0
138,Singapore,40818.0
139,Singapore,40969.0
140,Singapore,41216.0
141,Singapore,41473.0
142,Singapore,41615.0
143,Singapore,41833.0
144,Singapore,42095.0
145,Singapore,42313.0
146,Singapore,42432.0
147,Singapore,42623.0
148,Singapore,42736.0
149,Singapore,42955.0
150,Singapore,43246.0
151,Singapore,43459.0
152,Singapore,43661.0
153,Singapore,43907.0
154,Singapore,44122.0
155,Singapore,44310.0
156,Singapore,44479.0
157,Singapore,44664.0
158,Singapore,44800.0
159,Singapore,44983.0
160,Singapore,45140.0
161,Singapore,45297.0
162,Singapore,45422.0
163,Singapore,45612.0
164,Singapore,45782.0
165,Singapore,45960.0
166,Singapore,46282.0
167,Singapore,46629.0
168,Singapore,46878.0
169,Singapore,47126.0
170,Singapore,47453.0
171,Singapore,47655.0
172,Singapore,47912.0
173,Singapore,48035.0
174,Singapore,48434.0
175,Singapore,48744.0
176,Singapore,49098.0
177,Singapore,49375.0
178,Singapore,49888.0
179,Singapore,50369.0
180,Singapore,50838.0
181,Singapore,51197.0
182,Singapore,51531.0
183,Singapore,51809.0
184,Singapore,52205.0
185,Singapore,52512.0
186,Singapore,52825.0
187,Singapore,53051.0
188,Singapore,53346.0
189,Singapore,54254.0
190,Singapore,54555.0
191,Singapore,54797.0
192,Singapore,54929.0
193,Singapore,55104.0
194,Singapore,55292.0
195,Singapore,55353.0
196,Singapore,55395.0
197,Singapore,55497.0
198,Singapore,55580.0
199,Singapore,55661.0
200,Singapore,55747.0
201,Singapore,55838.0
202,Singapore,55938.0
203,Singapore,56031.0
204,Singapore,56099.0
205,Singapore,56216.0
206,Singapore,56266.0
207,Singapore,56353.0
208,Singapore,56404.0
209,Singapore,56435.0
210,Singapore,56495.0
211,Singapore,56572.0
212,Singapore,56666.0
213,Singapore,56717.0
214,Singapore,56771.0
215,Singapore,56812.0
216,Singapore,56852.0
217,Singapore,56860.0
218,Singapore,56908.0
219,Singapore,56948.0
220,Singapore,56982.0
221,Singapore,57022.0
222,Singapore,57044.0
223,Singapore,57091.0
224,Singapore,57166.0
225,Singapore,57229.0
226,Singapore,57315.0
227,Singapore,57357.0
228,Singapore,57406.0
229,Singapore,57454.0
230,Singapore,57488.0
231,Singapore,57514.0
232,Singapore,57532.0
233,Singapore,57543.0
234,Singapore,57558.0
235,Singapore,57576.0
236,Singapore,57606.0
237,Singapore,57627.0
238,Singapore,57639.0
239,Singapore,57654.0
240,Singapore,57665.0
241,Singapore,57685.0
242,Singapore,57700.0
243,Singapore,57715.0
244,Singapore,57742.0
245,Singapore,57765.0
246,Singapore,57784.0
247,Singapore,57794.0
248,Singapore,57800.0
249,Singapore,57812.0
250,Singapore,57819.0
251,Singapore,57830.0
252,Singapore,57840.0
253,Singapore,57849.0
254,Singapore,57859.0
255,Singapore,57866.0
256,Singapore,57876.0
257,Singapore,57880.0
258,Singapore,57884.0
259,Singapore,57889.0
260,Singapore,57892.0
261,Singapore,57901.0
262,Singapore,57904.0
263,Singapore,57911.0
264,Singapore,57915.0
265,Singapore,57921.0
266,Singapore,57933.0
267,Singapore,57941.0
268,Singapore,57951.0
269,Singapore,57965.0
270,Singapore,57970.0
271,Singapore,57973.0
272,Singapore,57980.0
273,Singapore,57987.0
274,Singapore,57994.0
275,Singapore,58003.0
276,Singapore,58015.0
277,Singapore,58019.0
278,Singapore,58020.0
279,Singapore,58029.0
280,Singapore,58036.0
281,Singapore,58043.0
282,Singapore,58047.0
283,Singapore,58054.0
284,Singapore,58056.0
285,Singapore,58064.0
286,Singapore,58073.0
287,Singapore,58091.0
288,Singapore,58102.0
289,Singapore,58114.0
290,Singapore,58116.0
291,Singapore,58119.0
292,Singapore,58124.0
293,Singapore,58130.0
294,Singapore,58135.0
295,Singapore,58139.0
296,Singapore,58143.0
297,Singapore,58148.0
298,Singapore,58160.0
299,Singapore,58165.0
300,Singapore,58183.0
301,Singapore,58190.0
302,Singapore,58195.0
303,Singapore,58199.0
304,Singapore,58205.0
305,Singapore,58213.0
306,Singapore,58218.0
307,Singapore,58228.0
308,Singapore,58230.0
309,Singapore,58239.0
310,Singapore,58242.0
311,Singapore,58255.0
312,Singapore,58260.0
313,Singapore,58273.0
314,Singapore,58285.0
315,Singapore,58291.0
316,Singapore,58297.0
317,Singapore,58305.0
318,Singapore,58313.0
319,Singapore,58320.0
320,Singapore,58325.0
321,Singapore,58341.0
322,Singapore,58353.0
323,Singapore,58377.0
324,Singapore,58386.0
325,Singapore,58403.0
326,Singapore,58422.0
327,Singapore,58432.0
328,Singapore,58461.0
329,Singapore,58482.0
330,Singapore,58495.0
331,Singapore,58509.0
332,Singapore,58519.0
333,Singapore,58524.0
334,Singapore,58529.0
335,Singapore,58542.0
336,Singapore,58569.0
337,Singapore,58599.0
338,Singapore,58629.0
339,Singapore,58662.0
340,Singapore,58697.0
341,Singapore,58721.0
342,Singapore,58749.0
343,Singapore,58780.0
344,Singapore,58813.0
345,Singapore,58836.0
346,Singapore,58865.0
347,Singapore,58907.0
348,Singapore,58929.0
349,Singapore,58946.0
350,Singapore,58984.0
351,Singapore,59029.0
352,Singapore,59059.0
353,Singapore,59083.0
354,Singapore,59113.0
355,Singapore,59127.0
356,Singapore,59157.0
357,Singapore,59197.0
358,Singapore,59235.0
359,Singapore,59250.0
360,Singapore,59260.0
361,Singapore,59308.0
362,Singapore,59352.0
363,Singapore,59366.0
364,Singapore,59391.0
365,Singapore,59425.0
366,Singapore,59449.0
367,Singapore,59507.0
368,Singapore,59536.0
369,Singapore,59565.0
370,Singapore,59584.0
371,Singapore,59602.0
372,Singapore,59624.0
373,Singapore,59649.0
374,Singapore,59675.0
375,Singapore,59699.0
376,Singapore,59721.0
377,Singapore,59732.0
378,Singapore,59747.0
379,Singapore,59759.0
380,Singapore,59777.0
381,Singapore,59786.0
382,Singapore,59800.0
383,Singapore,59809.0
384,Singapore,59810.0
385,Singapore,59821.0
386,Singapore,59832.0
387,Singapore,59846.0
388,Singapore,59858.0
389,Singapore,59869.0
390,Singapore,59879.0
391,Singapore,59883.0
392,Singapore,59890.0
393,Singapore,59900.0
394,Singapore,59913.0
395,Singapore,59925.0
396,Singapore,59936.0
397,Singapore,59948.0
398,Singapore,59956.0
399,Singapore,59979.0
400,Singapore,59998.0
401,Singapore,60007.0
402,Singapore,60020.0
403,Singapore,60033.0
404,Singapore,60046.0
405,Singapore,60052.0
406,Singapore,60062.0
407,Singapore,60070.0
408,Singapore,60080.0
409,Singapore,60088.0
410,Singapore,60105.0
411,Singapore,60117.0
412,Singapore,60128.0
413,Singapore,60137.0
414,Singapore,60152.0
415,Singapore,60167.0
416,Singapore,60184.0
417,Singapore,60196.0
418,Singapore,60208.0
419,Singapore,60221.0
420,Singapore,60236.0
421,Singapore,60253.0
422,Singapore,60265.0
423,Singapore,60288.0
424,Singapore,60300.0
425,Singapore,60321.0
426,Singapore,60347.0
427,Singapore,60381.0
428,Singapore,60407.0
429,Singapore,60450.0
430,Singapore,60468.0
431,Singapore,60478.0
432,Singapore,60495.0
433,Singapore,60519.0
434,Singapore,60554.0
435,Singapore,60575.0
436,Singapore,60601.0
437,Singapore,60633.0
438,Singapore,60653.0
439,Singapore,60678.0
440,Singapore,60692.0
441,Singapore,60719.0
442,Singapore,60735.0
443,Singapore,60769.0
444,Singapore,60808.0
445,Singapore,60831.0
446,Singapore,60851.0
447,Singapore,60865.0
448,Singapore,60880.0
449,Singapore,60904.0
450,Singapore,60943.0
451,Singapore,60966.0
452,Singapore,61006.0
453,Singapore,61051.0
454,Singapore,61063.0
455,Singapore,61086.0
456,Singapore,61121.0
457,Singapore,61145.0
458,Singapore,61179.0
459,Singapore,61218.0
460,Singapore,61235.0
461,Singapore,61252.0
462,Singapore,61268.0
463,Singapore,61286.0
464,Singapore,61311.0
465,Singapore,61331.0
466,Singapore,61359.0
467,Singapore,61378.0
468,Singapore,61403.0
469,Singapore,61419.0
470,Singapore,61453.0
471,Singapore,61505.0
472,Singapore,61536.0
473,Singapore,61585.0
474,Singapore,61613.0
475,Singapore,61651.0
476,Singapore,61689.0
477,Singapore,61730.0
478,Singapore,61770.0
479,Singapore,61799.0
480,Singapore,61824.0
481,Singapore,61860.0
482,Singapore,61890.0
483,Singapore,61916.0
484,Singapore,61940.0
485,Singapore,61970.0
486,Singapore,62003.0
487,Singapore,62028.0
488,Singapore,62051.0
489,Singapore,62069.0
490,Singapore,62100.0
491,Singapore,62145.0
492,Singapore,62158.0
493,Singapore,62176.0
494,Singapore,62196.0
495,Singapore,62210.0
496,Singapore,62219.0
497,Singapore,62223.0
498,Singapore,62236.0
499,Singapore,62245.0
500,Singapore,62263.0
501,Singapore,62276.0
502,Singapore,62301.0
503,Singapore,62315.0
504,Singapore,62339.0
505,Singapore,62366.0
506,Singapore,62382.0
507,Singapore,62403.0
508,Singapore,62414.0
509,Singapore,62430.0
510,Singapore,62448.0
511,Singapore,62470.0
512,Singapore,62493.0
513,Singapore,62513.0
514,Singapore,62530.0
515,Singapore,62544.0
516,Singapore,62553.0
517,Singapore,62563.0
518,Singapore,62579.0
519,Singapore,62589.0
520,Singapore,62599.0
521,Singapore,62606.0
522,Singapore,62617.0
523,Singapore,62630.0
524,Singapore,62640.0
525,Singapore,62652.0
526,Singapore,62668.0
527,Singapore,62678.0
528,Singapore,62684.0
529,Singapore,62692.0
530,Singapore,62718.0
531,Singapore,62744.0
532,Singapore,62804.0
533,Singapore,62852.0
534,Singapore,62913.0
535,Singapore,62981.0
536,Singapore,63073.0
537,Singapore,63245.0
538,Singapore,63440.0
539,Singapore,63621.0
540,Singapore,63791.0
541,Singapore,63924.0
542,Singapore,64054.0
543,Singapore,64179.0
544,Singapore,64314.0
545,Singapore,64453.0
546,Singapore,64589.0
547,Singapore,64722.0
548,Singapore,64861.0
549,Singapore,64981.0
550,Singapore,65102.0
551,Singapore,65213.0
552,Singapore,65315.0
553,Singapore,65410.0
554,Singapore,65508.0
555,Singapore,65605.0
556,Singapore,65686.0
557,Singapore,65764.0
558,Singapore,65836.0
559,Singapore,65890.0
560,Singapore,65953.0
561,Singapore,66012.0
562,Singapore,66061.0
563,Singapore,66119.0
564,Singapore,66172.0
565,Singapore,66225.0
566,Singapore,66281.0
567,Singapore,66334.0
568,Singapore,66366.0
569,Singapore,66406.0
570,Singapore,66443.0
571,Singapore,66478.0
572,Singapore,66576.0
573,Singapore,66692.0
574,Singapore,66812.0
575,Singapore,66928.0
576,Singapore,67050.0
577,Singapore,67171.0
578,Singapore,67304.0
579,Singapore,67459.0
580,Singapore,67620.0
581,Singapore,67800.0
582,Singapore,67991.0
583,Singapore,68210.0
584,Singapore,68469.0
585,Singapore,68660.0
586,Singapore,68901.0
587,Singapore,69233.0
588,Singapore,69582.0
589,Singapore,70039.0
590,Singapore,70612.0
591,Singapore,71167.0
592,Singapore,71687.0
593,Singapore,72294.0
594,Singapore,73131.0
595,Singapore,73938.0
596,Singapore,74848.0
597,Singapore,75783.0
598,Singapore,76792.0
599,Singapore,77804.0
600,Singapore,78721.0
601,Singapore,79899.0
602,Singapore,81356.0
603,Singapore,82860.0
604,Singapore,84510.0
605,Singapore,85953.0
606,Singapore,87892.0
607,Singapore,89539.0
608,Singapore,91775.0
609,Singapore,94043.0
610,Singapore,96521.0
611,Singapore,99430.0
612,Singapore,101786.0
613,Singapore,103843.0
614,Singapore,106318.0
615,Singapore,109804.0
616,Singapore,113381.0
617,Singapore,116864.0
618,Singapore,120454.0
619,Singapore,124157.0
620,Singapore,126966.0
621,Singapore,129229.0
622,Singapore,132205.0
623,Singapore,135395.0
624,Singapore,138327.0
625,Singapore,141772.0
626,Singapore,145120.0
627,Singapore,148178.0
628,Singapore,150731.0
629,Singapore,154725.0
630,Singapore,158587.0
631,Singapore,162026.0
632,Singapore,165663.0
633,Singapore,169261.0
634,Singapore,172644.0
635,Singapore,175818.0
636,Singapore,179095.0
637,Singapore,184419.0
638,Singapore,187851.0
639,Singapore,192099.0
640,Singapore,195211.0
641,Singapore,198374.0
642,Singapore,200844.0
643,Singapore,204340.0
644,Singapore,207975.0
645,Singapore,210978.0
646,Singapore,212745.0
647,Singapore,215780.0
648,Singapore,218333.0
649,Singapore,220803.0
650,Singapore,224200.0
651,Singapore,227681.0
652,Singapore,230077.0
653,Singapore,233176.0
654,Singapore,235480.0
655,Singapore,237203.0
656,Singapore,239272.0
657,Singapore,241341.0
658,Singapore,244815.0
659,Singapore,246853.0
660,Singapore,248587.0
661,Singapore,250518.0
662,Singapore,252188.0
663,Singapore,253649.0
664,Singapore,255431.0
665,Singapore,257510.0
666,Singapore,258785.0
667,Singapore,259875.0
668,Singapore,261636.0
669,Singapore,262383.0
670,Singapore,263486.0
671,Singapore,264725.0
672,Singapore,266049.0
673,Singapore,267150.0
674,Singapore,267916.0
675,Singapore,268659.0
676,Singapore,269211.0
677,Singapore,269873.0
678,Singapore,270588.0
679,Singapore,271297.0
680,Singapore,271979.0
681,Singapore,272433.0
682,Singapore,272992.0
683,Singapore,273362.0
684,Singapore,273701.0
685,Singapore,274143.0
686,Singapore,274617.0
687,Singapore,274972.0
688,Singapore,275384.0
689,Singapore,275655.0
690,Singapore,275910.0
691,Singapore,276105.0
692,Singapore,276385.0
693,Singapore,276720.0
694,Singapore,277042.0
695,Singapore,277307.0
696,Singapore,277555.0
697,Singapore,277764.0
698,Singapore,278044.0
699,Singapore,278409.0
700,Singapore,278750.0
701,Singapore,279061.0
702,Singapore,279405.0
703,Singapore,279861.0
704,Singapore,280290.0
705,Singapore,280754.0
706,Singapore,281596.0
707,Singapore,282401.0
708,Singapore,283214.0
709,Singapore,283991.0
710,Singapore,284802.0
711,Singapore,285647.0
712,Singapore,286397.0
713,Singapore,287243.0
714,Singapore,288125.0
715,Singapore,289085.0
716,Singapore,290030.0
717,Singapore,290986.0
718,Singapore,291849.0
719,Singapore,293014.0
720,Singapore,294462.0
721,Singapore,296077.0
722,Singapore,297549.0
723,Singapore,307813.0
724,Singapore,310276.0
725,Singapore,313772.0
726,Singapore,316774.0
727,Singapore,322770.0
728,Singapore,327602.0
729,Singapore,333071.0
730,Singapore,338625.0
731,Singapore,343832.0
732,Singapore,348330.0
733,Singapore,352811.0
734,Singapore,359075.0
735,Singapore,362176.0
736,Singapore,366473.0
737,Singapore,379681.0
738,Singapore,390071.0
739,Singapore,397823.0
740,Singapore,405629.0
741,Singapore,418640.0
742,Singapore,428954.0
743,Singapore,439640.0
744,Singapore,449570.0
745,Singapore,460075.0
746,Singapore,469495.0
747,Singapore,478577.0
748,Singapore,497997.0
749,Singapore,514880.0
750,Singapore,533425.0
751,Singapore,551519.0
752,Singapore,576355.0
753,Singapore,582638.0
754,Singapore,596261.0
755,Singapore,622293.0
756,Singapore,642605.0
757,Singapore,661198.0
758,Singapore,679795.0
759,Singapore,696652.0
760,Singapore,710880.0
761,Singapore,724424.0
762,Singapore,748504.0
763,Singapore,767663.0
764,Singapore,785825.0
765,Singapore,803389.0
766,Singapore,819663.0
767,Singapore,832821.0
768,Singapore,846341.0
769,Singapore,868542.0
770,Singapore,885593.0
771,Singapore,901758.0
772,Singapore,917103.0
773,Singapore,929735.0
774,Singapore,939436.0
775,Singapore,948478.0
776,Singapore,964329.0
777,Singapore,975607.0
778,Singapore,986320.0
779,Singapore,996914.0
780,Singapore,1007158.0
781,Singapore,1015017.0
782,Singapore,1022555.0
783,Singapore,1035721.0
784,Singapore,1044661.0
785,Singapore,1053139.0
786,Singapore,1060723.0
787,Singapore,1067157.0
788,Singapore,1072005.0
789,Singapore,1076930.0
790,Singapore,1085094.0
791,Singapore,1090823.0
792,Singapore,1096428.0
793,Singapore,1101438.0
794,Singapore,1106001.0
795,Singapore,1109744.0
796,Singapore,1113078.0
797,Singapore,1119419.0
798,Singapore,1123886.0
799,Singapore,1128155.0
800,Singapore,1132169.0
801,Singapore,1135428.0
802,Singapore,1138001.0
803,Singapore,1140569.0
804,Singapore,1145121.0
805,Singapore,1148656.0
806,Singapore,1152177.0
807,Singapore,1155581.0
808,Singapore,1157251.0
809,Singapore,1160300.0
810,Singapore,1162780.0
811,Singapore,1167498.0
812,Singapore,1170970.0
813,Singapore,1174390.0
814,Singapore,1177415.0
815,Singapore,1180124.0
816,Singapore,1182168.0
817,Singapore,1184226.0
818,Singapore,1187914.0
819,Singapore,1190560.0
820,Singapore,1193250.0
821,Singapore,1193250.0
822,Singapore,1195391.0
823,Singapore,1199640.0
824,Singapore,1200976.0
825,Singapore,1202546.0
826,Singapore,1204184.0
827,Singapore,1208917.0
828,Singapore,1212337.0
829,Singapore,1215499.0
830,Singapore,1217922.0
831,Singapore,1220193.0
832,Singapore,1225024.0
833,Singapore,1228914.0
834,Singapore,1232559.0
835,Singapore,1236850.0
836,Singapore,1240233.0
837,Singapore,1242884.0
838,Singapore,1245007.0
839,Singapore,1247671.0
840,Singapore,1254113.0
841,Singapore,1258691.0
842,Singapore,1263033.0
843,Singapore,1266808.0
844,Singapore,1269635.0
845,Singapore,1272386.0
846,Singapore,1278113.0
847,Singapore,1282280.0
848,Singapore,1286216.0
849,Singapore,1290046.0
850,Singapore,1293369.0
851,Singapore,1295920.0
852,Singapore,1298309.0
853,Singapore,1303294.0
854,Singapore,1306871.0
855,Singapore,1310616.0
856,Singapore,1313849.0
857,Singapore,1316728.0
858,Singapore,1318984.0
859,Singapore,1321146.0
860,Singapore,1325623.0
861,Singapore,1329225.0
862,Singapore,1332656.0
863,Singapore,1332656.0
864,Singapore,1338753.0
865,Singapore,1341256.0
866,Singapore,1343645.0
867,Singapore,1348775.0
868,Singapore,1352681.0
869,Singapore,1355801.0
870,Singapore,1364562.0
871,Singapore,1364562.0
872,Singapore,1367761.0
873,Singapore,1370981.0
874,Singapore,1378090.0
875,Singapore,1383952.0
876,Singapore,1390558.0
877,Singapore,1398545.0
878,Singapore,1403242.0
879,Singapore,1408358.0
880,Singapore,1413667.0
881,Singapore,1425171.0
882,Singapore,1434563.0
883,Singapore,1444068.0
884,Singapore,1453155.0
885,Singapore,1461107.0
886,Singapore,1467234.0
887,Singapore,1473180.0
888,Singapore,1485964.0
889,Singapore,1495953.0
890,Singapore,1505938.0
891,Singapore,1515222.0
892,Singapore,1523881.0
893,Singapore,1530304.0
894,Singapore,1534799.0
895,Singapore,1540778.0
896,Singapore,1557648.0
897,Singapore,1569420.0
898,Singapore,1582416.0
899,Singapore,1589099.0
900,Singapore,1596046.0
901,Singapore,1602273.0
902,Singapore,1616067.0
903,Singapore,1626360.0
904,Singapore,1636109.0
905,Singapore,1645092.0
906,Singapore,1652981.0
907,Singapore,1659156.0
908,Singapore,1664707.0
909,Singapore,1677126.0
910,Singapore,1685889.0
911,Singapore,1694454.0
912,Singapore,1707453.0
913,Singapore,1708950.0
914,Singapore,1714056.0
915,Singapore,1718765.0
916,Singapore,1728995.0
917,Singapore,1736226.0
918,Singapore,1742874.0
919,Singapore,1742874.0
920,Singapore,1754777.0
921,Singapore,1759575.0
922,Singapore,1763116.0
923,Singapore,1771081.0
924,Singapore,1773900.0
925,Singapore,1781162.0
926,Singapore,1786643.0
927,Singapore,1791046.0
928,Singapore,1794069.0
929,Singapore,1796734.0
930,Singapore,1801936.0
931,Singapore,1805698.0
932,Singapore,1809251.0
933,Singapore,1809251.0
934,Singapore,1814917.0
935,Singapore,1816868.0
936,Singapore,1818560.0
937,Singapore,1822187.0
938,Singapore,1824832.0
939,Singapore,1827229.0
940,Singapore,1827229.0
941,Singapore,1831332.0
942,Singapore,1832780.0
943,Singapore,1834190.0
944,Singapore,1837090.0
945,Singapore,1839244.0
946,Singapore,1841288.0
947,Singapore,1843236.0
948,Singapore,1844785.0
949,Singapore,1846094.0
950,Singapore,1847270.0
951,Singapore,1850015.0
952,Singapore,1852286.0
953,Singapore,1854455.0
954,Singapore,1854455.0
955,Singapore,1858497.0
956,Singapore,1859937.0
957,Singapore,1861390.0
958,Singapore,1864742.0
959,Singapore,1867168.0
960,Singapore,1869591.0
961,Singapore,1871560.0
962,Singapore,1873290.0
963,Singapore,1874611.0
964,Singapore,1876584.0
965,Singapore,1879806.0
966,Singapore,1882314.0
967,Singapore,1884859.0
968,Singapore,1884859.0
969,Singapore,1889544.0
970,Singapore,1891341.0
971,Singapore,1892947.0
972,Singapore,1897307.0
973,Singapore,1900761.0
974,Singapore,1904102.0
975,Singapore,1904102.0
976,Singapore,1911417.0
977,Singapore,1914280.0
978,Singapore,1916993.0
979,Singapore,1924139.0
980,Singapore,1930062.0
981,Singapore,1936270.0
982,Singapore,1936270.0
983,Singapore,1948402.0
984,Singapore,1953197.0
985,Singapore,1957916.0
986,Singapore,1969648.0
987,Singapore,1979259.0
988,Singapore,1988760.0
989,Singapore,1988760.0
990,Singapore,2005884.0
991,Singapore,2012065.0
992,Singapore,2017261.0
993,Singapore,2029195.0
994,Singapore,2037947.0
995,Singapore,2046123.0
996,Singapore,2046123.0
997,Singapore,2059709.0
998,Singapore,2064163.0
999,Singapore,2067790.0
1000,Singapore,2070784.0
1001,Singapore,2080341.0
1002,Singapore,2086588.0
1003,Singapore,2091751.0
1004,Singapore,2096520.0
1005,Singapore,2099760.0
1006,Singapore,2099760.0
1007,Singapore,2108024.0
1008,Singapore,2112110.0
1009,Singapore,2115621.0
1010,Singapore,2115621.0
1011,Singapore,2121435.0
1012,Singapore,2123328.0
1013,Singapore,2125004.0
1014,Singapore,2128572.0
1015,Singapore,2131554.0
1016,Singapore,2134319.0
1017,Singapore,2136597.0
1018,Singapore,2137876.0
1019,Singapore,2140099.0
1020,Singapore,2141411.0
1021,Singapore,2144522.0
1022,Singapore,2146706.0
1023,Singapore,2148794.0
1024,Singapore,2148794.0
1025,Singapore,2148794.0
1026,Singapore,2153535.0
1027,Singapore,2154633.0
1028,Singapore,2157021.0
1029,Singapore,2158709.0
1030,Singapore,2160324.0
1031,Singapore,2161282.0
1032,Singapore,2162594.0
1033,Singapore,2163872.0
1034,Singapore,2164689.0
1035,Singapore,2166527.0
1036,Singapore,2167897.0
1037,Singapore,2169201.0
1038,Singapore,2170366.0
1039,Singapore,2171389.0
1040,Singapore,2172396.0
1041,Singapore,2173172.0
1042,Singapore,2174989.0
1043,Singapore,2176338.0
1044,Singapore,2177701.0
1045,Singapore,2178724.0
1046,Singapore,2179755.0
1047,Singapore,2181048.0
1048,Singapore,2181788.0
1049,Singapore,2183605.0
1050,Singapore,2184952.0
1051,Singapore,2186214.0
1052,Singapore,2187164.0
1053,Singapore,2188409.0
1054,Singapore,2189349.0
1055,Singapore,2190057.0
1056,Singapore,2191597.0
1057,Singapore,2192690.0
1058,Singapore,2193890.0
1059,Singapore,2193890.0
1060,Singapore,2193890.0
1061,Singapore,2193890.0
1062,Singapore,2197084.0
1063,Singapore,2198508.0
1064,Singapore,2199237.0
1065,Singapore,2200353.0
1066,Singapore,2201379.0
1067,Singapore,2202214.0
1068,Singapore,2202756.0
1069,Singapore,2203146.0
1070,Singapore,2203702.0
1071,Singapore,2205237.0
1072,Singapore,2206153.0
1073,Singapore,2206986.0
1074,Singapore,2207670.0
1075,Singapore,2208216.0
1076,Singapore,2208601.0
1077,Singapore,2209511.0
1078,Singapore,2210109.0
1079,Singapore,2210633.0
1080,Singapore,2211131.0
1081,Singapore,2211546.0
1082,Singapore,2211855.0
1083,Singapore,2212131.0
1084,Singapore,2212684.0
1085,Singapore,2213091.0
1086,Singapore,2213435.0
1087,Singapore,2213795.0
1088,Singapore,2214064.0
1089,Singapore,2214234.0
1090,Singapore,2214312.0
1091,Singapore,2214437.0
1092,Singapore,2214601.0
1093,Singapore,2215109.0
1094,Singapore,2215527.0
1095,Singapore,2215889.0
1096,Singapore,2216185.0
1097,Singapore,2216458.0
1098,Singapore,2217110.0
1099,Singapore,2217575.0
1100,Singapore,2218050.0
1101,Singapore,2218508.0
1102,Singapore,2218881.0
1103,Singapore,2219180.0
1104,Singapore,2219431.0
1105,Singapore,2220062.0
1106,Singapore,2220534.0
1107,Singapore,2220999.0
1108,Singapore,2221438.0
1109,Singapore,2221762.0
1110,Singapore,2222006.0
1111,Singapore,2222006.0
1112,Singapore,2222006.0
1113,Singapore,2222006.0
1114,Singapore,2222006.0
1115,Singapore,2222006.0
1116,Singapore,2226099.0
1117,Singapore,2226099.0
1118,Singapore,2226099.0
1119,Singapore,2226099.0
1120,Singapore,2226099.0
1121,Singapore,2226099.0
1122,Singapore,2226099.0
1123,Singapore,2230570.0
1124,Singapore,2230570.0
1125,Singapore,2230570.0
1126,Singapore,2230570.0
1127,Singapore,2230570.0
1128,Singapore,2230570.0
1129,Singapore,2230570.0
1130,Singapore,2230570.0
1131,Singapore,2230570.0
1132,Singapore,2230570.0
1133,Singapore,2230570.0
0,India,1.0
1,India,5.0
2,India,5.0
3,India,2.0
4,India,3.0
5,India,7.0
6,India,7.0
7,India,7.0
8,India,7.0
9,India,7.0
10,India,7.0
11,India,7.0
12,India,7.0
13,India,7.0
14,India,7.0
15,India,7.0
16,India,7.0
17,India,7.0
18,India,7.0
19,India,7.0
20,India,7.0
21,India,7.0
22,India,7.0
23,India,7.0
24,India,7.0
25,India,7.0
26,India,7.0
27,India,7.0
28,India,7.0
29,India,7.0
30,India,7.0
31,India,7.0
32,India,5.0
33,India,9.0
34,India,28.0
35,India,29.0
36,India,31.0
37,India,34.0
38,India,39.0
39,India,44.0
40,India,50.0
41,India,60.0
42,India,73.0
43,India,81.0
44,India,84.0
45,India,107.0
46,India,114.0
47,India,137.0
48,India,151.0
49,India,173.0
50,India,223.0
51,India,283.0
52,India,360.0
53,India,434.0
54,India,519.0
55,India,606.0
56,India,649.0
57,India,724.0
58,India,909.0
59,India,979.0
60,India,1071.0
61,India,1251.0
62,India,1637.0
63,India,1965.0
64,India,2301.0
65,India,2902.0
66,India,3374.0
67,India,4067.0
68,India,4421.0
69,India,5274.0
70,India,5865.0
71,India,6412.0
72,India,7447.0
73,India,8356.0
74,India,9152.0
75,India,10363.0
76,India,11439.0
77,India,12380.0
78,India,13387.0
79,India,14378.0
80,India,15712.0
81,India,17265.0
82,India,18601.0
83,India,19984.0
84,India,21393.0
85,India,23077.0
86,India,24506.0
87,India,26496.0
88,India,27892.0
89,India,29435.0
90,India,31332.0
91,India,33050.0
92,India,35043.0
93,India,37336.0
94,India,39980.0
95,India,42533.0
96,India,46433.0
97,India,49391.0
98,India,52952.0
99,India,56342.0
100,India,59662.0
101,India,62939.0
102,India,67152.0
103,India,70756.0
104,India,74281.0
105,India,78003.0
106,India,81970.0
107,India,85940.0
108,India,90927.0
109,India,96169.0
110,India,101139.0
111,India,106750.0
112,India,112359.0
113,India,118447.0
114,India,125101.0
115,India,131868.0
116,India,138845.0
117,India,145380.0
118,India,151767.0
119,India,158333.0
120,India,165799.0
121,India,173763.0
122,India,182143.0
123,India,190535.0
124,India,198706.0
125,India,207615.0
126,India,216919.0
127,India,226770.0
128,India,236657.0
129,India,246628.0
130,India,256611.0
131,India,266598.0
132,India,276583.0
133,India,286579.0
134,India,297535.0
135,India,308993.0
136,India,320922.0
137,India,332424.0
138,India,343091.0
139,India,354065.0
140,India,366946.0
141,India,380532.0
142,India,395048.0
143,India,410461.0
144,India,425282.0
145,India,440215.0
146,India,456183.0
147,India,473105.0
148,India,490401.0
149,India,508953.0
150,India,528859.0
151,India,548318.0
152,India,566840.0
153,India,585493.0
154,India,604641.0
155,India,625544.0
156,India,648315.0
157,India,673165.0
158,India,697413.0
159,India,719665.0
160,India,742417.0
161,India,767296.0
162,India,793802.0
163,India,820916.0
164,India,849553.0
165,India,878254.0
166,India,906752.0
167,India,936181.0
168,India,968876.0
169,India,1003832.0
170,India,1038716.0
171,India,1077618.0
172,India,1118043.0
173,India,1155191.0
174,India,1192915.0
175,India,1238635.0
176,India,1287945.0
177,India,1336861.0
178,India,1385522.0
179,India,1435453.0
180,India,1483156.0
181,India,1531669.0
182,India,1583792.0
183,India,1638870.0
184,India,1695988.0
185,India,1750723.0
186,India,1803695.0
187,India,1855745.0
188,India,1908254.0
189,India,1964536.0
190,India,2027074.0
191,India,2088611.0
192,India,2153010.0
193,India,2215074.0
194,India,2268675.0
195,India,2329638.0
196,India,2396637.0
197,India,2461190.0
198,India,2526192.0
199,India,2589682.0
200,India,2647663.0
201,India,2702742.0
202,India,2767273.0
203,India,2836925.0
204,India,2905823.0
205,India,2975701.0
206,India,3044940.0
207,India,3106348.0
208,India,3167323.0
209,India,3234474.0
210,India,3310234.0
211,India,3387500.0
212,India,3463972.0
213,India,3542733.0
214,India,3621245.0
215,India,3691166.0
216,India,3769523.0
217,India,3853406.0
218,India,3936747.0
219,India,4023179.0
220,India,4113811.0
221,India,4204613.0
222,India,4280422.0
223,India,4370128.0
224,India,4465863.0
225,India,4562414.0
226,India,4659984.0
227,India,4754356.0
228,India,4846427.0
229,India,4930236.0
230,India,5020359.0
231,India,5118253.0
232,India,5214677.0
233,India,5308014.0
234,India,5400619.0
235,India,5487580.0
236,India,5562663.0
237,India,5646010.0
238,India,5732518.0
239,India,5818570.0
240,India,5903932.0
241,India,5992532.0
242,India,6074702.0
243,India,6145291.0
244,India,6225763.0
245,India,6312584.0
246,India,6394068.0
247,India,6473544.0
248,India,6549373.0
249,India,6623815.0
250,India,6685082.0
251,India,6757131.0
252,India,6835655.0
253,India,6906151.0
254,India,6979423.0
255,India,7053806.0
256,India,7120538.0
257,India,7175880.0
258,India,7239389.0
259,India,7307097.0
260,India,7370468.0
261,India,7432680.0
262,India,7494551.0
263,India,7550273.0
264,India,7597063.0
265,India,7651107.0
266,India,7706946.0
267,India,7761312.0
268,India,7814682.0
269,India,7864811.0
270,India,7909959.0
271,India,7946429.0
272,India,7990322.0
273,India,8040203.0
274,India,8088851.0
275,India,8137119.0
276,India,8184082.0
277,India,8229313.0
278,India,8267623.0
279,India,8313876.0
280,India,8364086.0
281,India,8411724.0
282,India,8462080.0
283,India,8507754.0
284,India,8553657.0
285,India,8591730.0
286,India,8636011.0
287,India,8683916.0
288,India,8728795.0
289,India,8773479.0
290,India,8814579.0
291,India,8845127.0
292,India,8874290.0
293,India,8912907.0
294,India,8958483.0
295,India,9004365.0
296,India,9050597.0
297,India,9095806.0
298,India,9139865.0
299,India,9177840.0
300,India,9222216.0
301,India,9266705.0
302,India,9309787.0
303,India,9351109.0
304,India,9392919.0
305,India,9431691.0
306,India,9462809.0
307,India,9499413.0
308,India,9534964.0
309,India,9571559.0
310,India,9608211.0
311,India,9644222.0
312,India,9677203.0
313,India,9703770.0
314,India,9735850.0
315,India,9767371.0
316,India,9796769.0
317,India,9826775.0
318,India,9857029.0
319,India,9884100.0
320,India,9906165.0
321,India,9932547.0
322,India,9956557.0
323,India,9979447.0
324,India,10004599.0
325,India,10031223.0
326,India,10055560.0
327,India,10075116.0
328,India,10099066.0
329,India,10123778.0
330,India,10146845.0
331,India,10169118.0
332,India,10187850.0
333,India,10207871.0
334,India,10224303.0
335,India,10244852.0
336,India,10266674.0
337,India,10286709.0
338,India,10305788.0
339,India,10323965.0
340,India,10340469.0
341,India,10356844.0
342,India,10374932.0
343,India,10395278.0
344,India,10413417.0
345,India,10431639.0
346,India,10450284.0
347,India,10466595.0
348,India,10479179.0
349,India,10495147.0
350,India,10512093.0
351,India,10527683.0
352,India,10542841.0
353,India,10557985.0
354,India,10571773.0
355,India,10581837.0
356,India,10595660.0
357,India,10610883.0
358,India,10625428.0
359,India,10639684.0
360,India,10654533.0
361,India,10667736.0
362,India,10676838.0
363,India,10689527.0
364,India,10701193.0
365,India,10720048.0
366,India,10733131.0
367,India,10746183.0
368,India,10757610.0
369,India,10766245.0
370,India,10777284.0
371,India,10790183.0
372,India,10802591.0
373,India,10814304.0
374,India,10826363.0
375,India,10838194.0
376,India,10847304.0
377,India,10858371.0
378,India,10871294.0
379,India,10880603.0
380,India,10892746.0
381,India,10904940.0
382,India,10916589.0
383,India,10925710.0
384,India,10937320.0
385,India,10950201.0
386,India,10963394.0
387,India,10977387.0
388,India,10991651.0
389,India,11005850.0
390,India,11016434.0
391,India,11030176.0
392,India,11046914.0
393,India,11063491.0
394,India,11079979.0
395,India,11096731.0
396,India,11112241.0
397,India,11124527.0
398,India,11139516.0
399,India,11156923.0
400,India,11173761.0
401,India,11192088.0
402,India,11210799.0
403,India,11229398.0
404,India,11244786.0
405,India,11262707.0
406,India,11285561.0
407,India,11308846.0
408,India,11333728.0
409,India,11359048.0
410,India,11385339.0
411,India,11409831.0
412,India,11438734.0
413,India,11474605.0
414,India,11514331.0
415,India,11555284.0
416,India,11599130.0
417,India,11646081.0
418,India,11686796.0
419,India,11734058.0
420,India,11787534.0
421,India,11846652.0
422,India,11908910.0
423,India,11971624.0
424,India,12039644.0
425,India,12095855.0
426,India,12149335.0
427,India,12221665.0
428,India,12303131.0
429,India,12392260.0
430,India,12485509.0
431,India,12589067.0
432,India,12686049.0
433,India,12801785.0
434,India,12928574.0
435,India,13060542.0
436,India,13205926.0
437,India,13358805.0
438,India,13527717.0
439,India,13689453.0
440,India,13873825.0
441,India,14074564.0
442,India,14291917.0
443,India,14526609.0
444,India,14788109.0
445,India,15061919.0
446,India,15321089.0
447,India,15616130.0
448,India,15930965.0
449,India,16263695.0
450,India,16610481.0
451,India,16960172.0
452,India,17313163.0
453,India,17636307.0
454,India,17997267.0
455,India,18376524.0
456,India,18762976.0
457,India,19164969.0
458,India,19557457.0
459,India,19925604.0
460,India,20282833.0
461,India,20665148.0
462,India,21077410.0
463,India,21491598.0
464,India,21892676.0
465,India,22296414.0
466,India,22662575.0
467,India,22992517.0
468,India,23340938.0
469,India,23703665.0
470,India,24046809.0
471,India,24372907.0
472,India,24684077.0
473,India,24965463.0
474,India,25228996.0
475,India,25496330.0
476,India,25772440.0
477,India,26031991.0
478,India,26289290.0
479,India,26530132.0
480,India,26752447.0
481,India,26948874.0
482,India,27157795.0
483,India,27369093.0
484,India,27555457.0
485,India,27729247.0
486,India,27894800.0
487,India,28047534.0
488,India,28175044.0
489,India,28307832.0
490,India,28441986.0
491,India,28574350.0
492,India,28694879.0
493,India,28809339.0
494,India,28909975.0
495,India,28996473.0
496,India,29089069.0
497,India,29183121.0
498,India,29274823.0
499,India,29359155.0
500,India,29439989.0
501,India,29510410.0
502,India,29570881.0
503,India,29633105.0
504,India,29700313.0
505,India,29762793.0
506,India,29823546.0
507,India,29881965.0
508,India,29935221.0
509,India,29977861.0
510,India,30028709.0
511,India,30082778.0
512,India,30134445.0
513,India,30183143.0
514,India,30233183.0
515,India,30279331.0
516,India,30316897.0
517,India,30362848.0
518,India,30411634.0
519,India,30458251.0
520,India,30502362.0
521,India,30545433.0
522,India,30585229.0
523,India,30619932.0
524,India,30663665.0
525,India,30709557.0
526,India,30752950.0
527,India,30795716.0
528,India,30837222.0
529,India,30874376.0
530,India,30907282.0
531,India,30946074.0
532,India,30987880.0
533,India,31026829.0
534,India,31064908.0
535,India,31106065.0
536,India,31144229.0
537,India,31174322.0
538,India,31216337.0
539,India,31257720.0
540,India,31293062.0
541,India,31332159.0
542,India,31371901.0
543,India,31411262.0
544,India,31440951.0
545,India,31484605.0
546,India,31528114.0
547,India,31572344.0
548,India,31613993.0
549,India,31655824.0
550,India,31695958.0
551,India,31726507.0
552,India,31769132.0
553,India,31812114.0
554,India,31856757.0
555,India,31895385.0
556,India,31934455.0
557,India,31969954.0
558,India,31998158.0
559,India,32036511.0
560,India,32077706.0
561,India,32117826.0
562,India,32156493.0
563,India,32192576.0
564,India,32225513.0
565,India,32250679.0
566,India,32285857.0
567,India,32322258.0
568,India,32358829.0
569,India,32393286.0
570,India,32424234.0
571,India,32449306.0
572,India,32474773.0
573,India,32512366.0
574,India,32558530.0
575,India,32603188.0
576,India,32649947.0
577,India,32695030.0
578,India,32737939.0
579,India,32768880.0
580,India,32810845.0
581,India,32857937.0
582,India,32903289.0
583,India,32945907.0
584,India,32988673.0
585,India,33027621.0
586,India,33058843.0
587,India,33096718.0
588,India,33139981.0
589,India,33174954.0
590,India,33208330.0
591,India,33236921.0
592,India,33264175.0
593,India,33289579.0
594,India,33316755.0
595,India,33347325.0
596,India,33381728.0
597,India,33417390.0
598,India,33448163.0
599,India,33478419.0
600,India,33504534.0
601,India,33531498.0
602,India,33563421.0
603,India,33594803.0
604,India,33624419.0
605,India,33652745.0
606,India,33678786.0
607,India,33697581.0
608,India,33716451.0
609,India,33739980.0
610,India,33766707.0
611,India,33791061.0
612,India,33813903.0
613,India,33834702.0
614,India,33853048.0
615,India,33871881.0
616,India,33894312.0
617,India,33915569.0
618,India,33935309.0
619,India,33953475.0
620,India,33971607.0
621,India,33985920.0
622,India,34001743.0
623,India,34020730.0
624,India,34037592.0
625,India,34053573.0
626,India,34067719.0
627,India,34081315.0
628,India,34094373.0
629,India,34108996.0
630,India,34127450.0
631,India,34143236.0
632,India,34159562.0
633,India,34175468.0
634,India,34189774.0
635,India,34202202.0
636,India,34215653.0
637,India,34231809.0
638,India,34246157.0
639,India,34260470.0
640,India,34273300.0
641,India,34285814.0
642,India,34296237.0
643,India,34308140.0
644,India,34321025.0
645,India,34333754.0
646,India,34344683.0
647,India,34355536.0
648,India,34366987.0
649,India,34377113.0
650,India,34388579.0
651,India,34401670.0
652,India,34414186.0
653,India,34426036.0
654,India,34437307.0
655,India,34447536.0
656,India,34456401.0
657,India,34466598.0
658,India,34478517.0
659,India,34489623.0
660,India,34499925.0
661,India,34510413.0
662,India,34518901.0
663,India,34526480.0
664,India,34535763.0
665,India,34544882.0
666,India,34555431.0
667,India,34563749.0
668,India,34572523.0
669,India,34580832.0
670,India,34587822.0
671,India,34596776.0
672,India,34606541.0
673,India,34615757.0
674,India,34624360.0
675,India,34633255.0
676,India,34641561.0
677,India,34648383.0
678,India,34656822.0
679,India,34666241.0
680,India,34674744.0
681,India,34682736.0
682,India,34690510.0
683,India,34697860.0
684,India,34703644.0
685,India,34710628.0
686,India,34718602.0
687,India,34726049.0
688,India,34733194.0
689,India,34740275.0
690,India,34746838.0
691,India,34752164.0
692,India,34758481.0
693,India,34765976.0
694,India,34772626.0
695,India,34779815.0
696,India,34786802.0
697,India,34793333.0
698,India,34799691.0
699,India,34808886.0
700,India,34822040.0
701,India,34838804.0
702,India,34861579.0
703,India,34889132.0
704,India,34922882.0
705,India,34960261.0
706,India,35018358.0
707,India,35109286.0
708,India,35226386.0
709,India,35368372.0
710,India,35528004.0
711,India,35707727.0
712,India,35875790.0
713,India,36070510.0
714,India,36317927.0
715,India,36582129.0
716,India,36850962.0
717,India,37122164.0
718,India,37380253.0
719,India,37618271.0
720,India,37901241.0
721,India,38218773.0
722,India,38566027.0
723,India,38903731.0
724,India,39237264.0
725,India,39543328.0
726,India,39799202.0
727,India,40085116.0
728,India,40371500.0
729,India,40622709.0
730,India,40858241.0
731,India,41092522.0
732,India,41302440.0
733,India,41469499.0
734,India,41630885.0
735,India,41803318.0
736,India,41952712.0
737,India,42080664.0
738,India,42188138.0
739,India,42272014.0
740,India,42339611.0
741,India,42410976.0
742,India,42478060.0
743,India,42536137.0
744,India,42586544.0
745,India,42631421.0
746,India,42665534.0
747,India,42692943.0
748,India,42723558.0
749,India,42754315.0
750,India,42780235.0
751,India,42802505.0
752,India,42822473.0
753,India,42838524.0
754,India,42851929.0
755,India,42867031.0
756,India,42881179.0
757,India,42894345.0
758,India,42905844.0
759,India,42916117.0
760,India,42924130.0
761,India,42931045.0
762,India,42938599.0
763,India,42945160.0
764,India,42951556.0
765,India,42957477.0
766,India,42962953.0
767,India,42967315.0
768,India,42971308.0
769,India,42975883.0
770,India,42980067.0
771,India,42984261.0
772,India,42987875.0
773,India,42990991.0
774,India,42993494.0
775,India,42996062.0
776,India,42998938.0
777,India,43001477.0
778,India,43004005.0
779,India,43006080.0
780,India,43007841.0
781,India,43009390.0
782,India,43010971.0
783,India,43012749.0
784,India,43014687.0
785,India,43016372.0
786,India,43018032.0
787,India,43019453.0
788,India,43020723.0
789,India,43021982.0
790,India,43023215.0
791,India,43024440.0
792,India,43025775.0
793,India,43027035.0
794,India,43028131.0
795,India,43029044.0
796,India,43029839.0
797,India,43030925.0
798,India,43031958.0
799,India,43033067.0
800,India,43034217.0
801,India,43035271.0
802,India,43036132.0
803,India,43036928.0
804,India,43038016.0
805,India,43039023.0
806,India,43039972.0
807,India,43040947.0
808,India,43042097.0
809,India,43044280.0
810,India,43045527.0
811,India,43047594.0
812,India,43049974.0
813,India,43052425.0
814,India,43054952.0
815,India,43057545.0
816,India,43060086.0
817,India,43062569.0
818,India,43065496.0
819,India,43068799.0
820,India,43072176.0
821,India,43075864.0
822,India,43079188.0
823,India,43082345.0
824,India,43084913.0
825,India,43088118.0
826,India,43091393.0
827,India,43094938.0
828,India,43098743.0
829,India,43102194.0
830,India,43105401.0
831,India,43107689.0
832,India,43110586.0
833,India,43113413.0
834,India,43116254.0
835,India,43119112.0
836,India,43121599.0
837,India,43123801.0
838,India,43125370.0
839,India,43127199.0
840,India,43129563.0
841,India,43131822.0
842,India,43134145.0
843,India,43136371.0
844,India,43138393.0
845,India,43140068.0
846,India,43142192.0
847,India,43144820.0
848,India,43147530.0
849,India,43150215.0
850,India,43153043.0
851,India,43155749.0
852,India,43158087.0
853,India,43160832.0
854,India,43164544.0
855,India,43168585.0
856,India,43172547.0
857,India,43176817.0
858,India,43181335.0
859,India,43185049.0
860,India,43190282.0
861,India,43197522.0
862,India,43205106.0
863,India,43213435.0
864,India,43222017.0
865,India,43230101.0
866,India,43236695.0
867,India,43245517.0
868,India,43257730.0
869,India,43270577.0
870,India,43283793.0
871,India,43296692.0
872,India,43309473.0
873,India,43319396.0
874,India,43331645.0
875,India,43344958.0
876,India,43362294.0
877,India,43378234.0
878,India,43389973.0
879,India,43407046.0
880,India,43418839.0
881,India,43433345.0
882,India,43452164.0
883,India,43469234.0
884,India,43486326.0
885,India,43502429.0
886,India,43518564.0
887,India,43531650.0
888,India,43547809.0
889,India,43566739.0
890,India,43585554.0
891,India,43604394.0
892,India,43622651.0
893,India,43639329.0
894,India,43652944.0
895,India,43669850.0
896,India,43689989.0
897,India,43710027.0
898,India,43730071.0
899,India,43750599.0
900,India,43767534.0
901,India,43783062.0
902,India,43803619.0
903,India,43825185.0
904,India,43847065.0
905,India,43868476.0
906,India,43888755.0
907,India,43905621.0
908,India,43920451.0
909,India,43938764.0
910,India,43959321.0
911,India,43979730.0
912,India,44000138.0
913,India,44019811.0
914,India,44036275.0
915,India,44050009.0
916,India,44067144.0
917,India,44087037.0
918,India,44107588.0
919,India,44126994.0
920,India,44145732.0
921,India,44161899.0
922,India,44174650.0
923,India,44190697.0
924,India,44206996.0
925,India,44223557.0
926,India,44239372.0
927,India,44253464.0
928,India,44268381.0
929,India,44277194.0
930,India,44286256.0
931,India,44298864.0
932,India,44314618.0
933,India,44327890.0
934,India,44339429.0
935,India,44348960.0
936,India,44357546.0
937,India,44368195.0
938,India,44378920.0
939,India,44389176.0
940,India,44398696.0
941,India,44408132.0
942,India,44415723.0
943,India,44421162.0
944,India,44428393.0
945,India,44436339.0
946,India,44442507.0
947,India,44449718.0
948,India,44456535.0
949,India,44462445.0
950,India,44466862.0
951,India,44472241.0
952,India,44478636.0
953,India,44484729.0
954,India,44490283.0
955,India,44495359.0
956,India,44500580.0
957,India,44504949.0
958,India,44510057.0
959,India,44516479.0
960,India,44522777.0
961,India,44528524.0
962,India,44534188.0
963,India,44539046.0
964,India,44543089.0
965,India,44547599.0
966,India,44553042.0
967,India,44558425.0
968,India,44563337.0
969,India,44568114.0
970,India,44572243.0
971,India,44575473.0
972,India,44579088.0
973,India,44583360.0
974,India,44587307.0
975,India,44591112.0
976,India,44594487.0
977,India,44597498.0
978,India,44599466.0
979,India,44601934.0
980,India,44604463.0
981,India,44606460.0
982,India,44609257.0
983,India,44612013.0
984,India,44614437.0
985,India,44616394.0
986,India,44618533.0
987,India,44621319.0
988,India,44623997.0
989,India,44626427.0
990,India,44628828.0
991,India,44630888.0
992,India,44632430.0
993,India,44634376.0
994,India,44636517.0
995,India,44638636.0
996,India,44640748.0
997,India,44642742.0
998,India,44644076.0
999,India,44644938.0
1000,India,44645768.0
1001,India,44646880.0
1002,India,44649088.0
1003,India,44650662.0
1004,India,44652266.0
1005,India,44653592.0
1006,India,44654638.0
1007,India,44655828.0
1008,India,44657149.0
1009,India,44658365.0
1010,India,44659447.0
1011,India,44660579.0
1012,India,44661516.0
1013,India,44662141.0
1014,India,44662952.0
1015,India,44663968.0
1016,India,44664810.0
1017,India,44665643.0
1018,India,44666377.0
1019,India,44666924.0
1020,India,44666175.0
1021,India,44666676.0
1022,India,44667311.0
1023,India,44667967.0
1024,India,44668523.0
1025,India,44669015.0
1026,India,44669421.0
1027,India,44669715.0
1028,India,44670075.0
1029,India,44670483.0
1030,India,44670830.0
1031,India,44671219.0
1032,India,44671562.0
1033,India,44671853.0
1034,India,44672068.0
1035,India,44672347.0
1036,India,44672638.0
1037,India,44672913.0
1038,India,44673166.0
1039,India,44673392.0
1040,India,44673618.0
1041,India,44673783.0
1042,India,44673949.0
1043,India,44674190.0
1044,India,44674439.0
1045,India,44674649.0
1046,India,44674822.0
1047,India,44674981.0
1048,India,44675095.0
1049,India,44675247.0
1050,India,44675447.0
1051,India,44675609.0
1052,India,44675776.0
1053,India,44675952.0
1054,India,44676087.0
1055,India,44676199.0
1056,India,44676330.0
1057,India,44676515.0
1058,India,44676678.0
1059,India,44676879.0
1060,India,44677106.0
1061,India,44677302.0
1062,India,44677459.0
1063,India,44677647.0
1064,India,44677915.0
1065,India,44678158.0
1066,India,44678384.0
1067,India,44678649.0
1068,India,44678822.0
1069,India,44678956.0
1070,India,44679131.0
1071,India,44679319.0
1072,India,44679547.0
1073,India,44679761.0
1074,India,44679924.0
1075,India,44680094.0
1076,India,44680215.0
1077,India,44680386.0
1078,India,44680583.0
1079,India,44680757.0
1080,India,44680936.0
1081,India,44681040.0
1082,India,44681154.0
1083,India,44681233.0
1084,India,44681371.0
1085,India,44681505.0
1086,India,44681650.0
1087,India,44681781.0
1088,India,44681921.0
1089,India,44682015.0
1090,India,44682104.0
1091,India,44682206.0
1092,India,44682338.0
1093,India,44682437.0
1094,India,44682530.0
1095,India,44682639.0
1096,India,44682719.0
1097,India,44682784.0
1098,India,44682895.0
1099,India,44683023.0
1100,India,44683122.0
1101,India,44683250.0
1102,India,44683363.0
1103,India,44683454.0
1104,India,44683543.0
1105,India,44683639.0
1106,India,44683748.0
1107,India,44683862.0
1108,India,44683994.0
1109,India,44684118.0
1110,India,44684197.0
1111,India,44684274.0
1112,India,44684376.0
1113,India,44684502.0
1114,India,44684658.0
1115,India,44684775.0
1116,India,44684917.0
1117,India,44685037.0
1118,India,44685132.0
1119,India,44685257.0
1120,India,44685450.0
1121,India,44685619.0
1122,India,44685799.0
1123,India,44686017.0
1124,India,44686202.0
1125,India,44686371.0
1126,India,44686611.0
1127,India,44686879.0
1128,India,44687162.0
1129,India,44687496.0
1130,India,44687820.0
1131,India,44688101.0
1132,India,44688367.0
1133,India,44688367.0
0,Italy,2.0
1,Italy,3.0
2,Italy,3.0
3,Italy,3.0
4,Italy,3.0
5,Italy,3.0
6,Italy,3.0
7,Italy,3.0
8,Italy,3.0
9,Italy,3.0
10,Italy,3.0
11,Italy,3.0
12,Italy,3.0
13,Italy,3.0
14,Italy,3.0
15,Italy,3.0
16,Italy,3.0
17,Italy,3.0
18,Italy,3.0
19,Italy,3.0
20,Italy,3.0
21,Italy,3.0
22,Italy,3.0
23,Italy,17.0
24,Italy,79.0
25,Italy,132.0
26,Italy,229.0
27,Italy,322.0
28,Italy,400.0
29,Italy,650.0
30,Italy,888.0
31,Italy,1128.0
32,Italy,1694.0
33,Italy,2036.0
34,Italy,2502.0
35,Italy,3089.0
36,Italy,3858.0
37,Italy,4636.0
38,Italy,5883.0
39,Italy,7375.0
40,Italy,9172.0
41,Italy,10149.0
42,Italy,12462.0
43,Italy,15113.0
44,Italy,17660.0
45,Italy,21157.0
46,Italy,24747.0
47,Italy,27980.0
48,Italy,31506.0
49,Italy,35713.0
50,Italy,41035.0
51,Italy,47021.0
52,Italy,53578.0
53,Italy,59138.0
54,Italy,63927.0
55,Italy,69176.0
56,Italy,74386.0
57,Italy,80539.0
58,Italy,86498.0
59,Italy,92472.0
60,Italy,97689.0
61,Italy,101739.0
62,Italy,105792.0
63,Italy,110574.0
64,Italy,115242.0
65,Italy,119827.0
66,Italy,124632.0
67,Italy,128948.0
68,Italy,132547.0
69,Italy,135586.0
70,Italy,139422.0
71,Italy,143626.0
72,Italy,147577.0
73,Italy,152271.0
74,Italy,156363.0
75,Italy,159516.0
76,Italy,162488.0
77,Italy,165155.0
78,Italy,168941.0
79,Italy,172434.0
80,Italy,175925.0
81,Italy,178972.0
82,Italy,181228.0
83,Italy,183957.0
84,Italy,187327.0
85,Italy,189973.0
86,Italy,192994.0
87,Italy,195351.0
88,Italy,197675.0
89,Italy,199414.0
90,Italy,201505.0
91,Italy,203591.0
92,Italy,205463.0
93,Italy,207428.0
94,Italy,209328.0
95,Italy,210717.0
96,Italy,211938.0
97,Italy,213013.0
98,Italy,214457.0
99,Italy,215858.0
100,Italy,217185.0
101,Italy,218268.0
102,Italy,219070.0
103,Italy,219814.0
104,Italy,221216.0
105,Italy,222104.0
106,Italy,223096.0
107,Italy,223885.0
108,Italy,224760.0
109,Italy,225435.0
110,Italy,225886.0
111,Italy,226699.0
112,Italy,227364.0
113,Italy,228006.0
114,Italy,228658.0
115,Italy,229327.0
116,Italy,229858.0
117,Italy,230158.0
118,Italy,230555.0
119,Italy,231139.0
120,Italy,231732.0
121,Italy,232248.0
122,Italy,232664.0
123,Italy,233019.0
124,Italy,233197.0
125,Italy,233515.0
126,Italy,233836.0
127,Italy,234013.0
128,Italy,234531.0
129,Italy,234801.0
130,Italy,234998.0
131,Italy,235278.0
132,Italy,235561.0
133,Italy,235763.0
134,Italy,236142.0
135,Italy,236305.0
136,Italy,236651.0
137,Italy,236989.0
138,Italy,237290.0
139,Italy,237500.0
140,Italy,237828.0
141,Italy,238159.0
142,Italy,238410.0
143,Italy,238674.0
144,Italy,238898.0
145,Italy,239119.0
146,Italy,239232.0
147,Italy,239809.0
148,Italy,240105.0
149,Italy,240360.0
150,Italy,240535.0
151,Italy,240709.0
152,Italy,240835.0
153,Italy,240977.0
154,Italy,241159.0
155,Italy,241360.0
156,Italy,241583.0
157,Italy,241818.0
158,Italy,242010.0
159,Italy,242218.0
160,Italy,242355.0
161,Italy,242548.0
162,Italy,242762.0
163,Italy,243038.0
164,Italy,243226.0
165,Italy,243460.0
166,Italy,243629.0
167,Italy,243743.0
168,Italy,243905.0
169,Italy,244135.0
170,Italy,244366.0
171,Italy,244615.0
172,Italy,244833.0
173,Italy,245023.0
174,Italy,245151.0
175,Italy,245431.0
176,Italy,245737.0
177,Italy,245989.0
178,Italy,246263.0
179,Italy,246517.0
180,Italy,246685.0
181,Italy,246887.0
182,Italy,247175.0
183,Italy,247557.0
184,Italy,247936.0
185,Italy,248231.0
186,Italy,248469.0
187,Italy,248628.0
188,Italy,248818.0
189,Italy,249202.0
190,Italy,249603.0
191,Italy,250155.0
192,Italy,250502.0
193,Italy,250965.0
194,Italy,251224.0
195,Italy,251636.0
196,Italy,252112.0
197,Italy,252634.0
198,Italy,253208.0
199,Italy,253837.0
200,Italy,254314.0
201,Italy,254634.0
202,Italy,255035.0
203,Italy,255677.0
204,Italy,256517.0
205,Italy,257464.0
206,Italy,258535.0
207,Italy,259744.0
208,Italy,260697.0
209,Italy,261573.0
210,Italy,262939.0
211,Italy,264348.0
212,Italy,265808.0
213,Italy,267252.0
214,Italy,268617.0
215,Italy,269613.0
216,Italy,270588.0
217,Italy,271914.0
218,Italy,273311.0
219,Italy,275043.0
220,Italy,276736.0
221,Italy,278033.0
222,Italy,279183.0
223,Italy,280552.0
224,Italy,281982.0
225,Italy,283579.0
226,Italy,285195.0
227,Italy,286696.0
228,Italy,288152.0
229,Italy,289160.0
230,Italy,290389.0
231,Italy,291841.0
232,Italy,293424.0
233,Italy,295331.0
234,Italy,296968.0
235,Italy,298555.0
236,Italy,299905.0
237,Italy,301296.0
238,Italy,302936.0
239,Italy,304722.0
240,Italy,306634.0
241,Italy,308503.0
242,Italy,310269.0
243,Italy,311763.0
244,Italy,313410.0
245,Italy,315260.0
246,Italy,317808.0
247,Italy,320307.0
248,Italy,323150.0
249,Italy,325728.0
250,Italy,327985.0
251,Italy,330662.0
252,Italy,334339.0
253,Italy,338797.0
254,Italy,344169.0
255,Italy,349893.0
256,Italy,355349.0
257,Italy,359968.0
258,Italy,365866.0
259,Italy,373198.0
260,Italy,382001.0
261,Italy,392010.0
262,Italy,402935.0
263,Italy,414640.0
264,Italy,423977.0
265,Italy,434848.0
266,Italy,450047.0
267,Italy,466125.0
268,Italy,485268.0
269,Italy,504908.0
270,Italy,526181.0
271,Italy,543188.0
272,Italy,565177.0
273,Italy,590165.0
274,Italy,616994.0
275,Italy,648073.0
276,Italy,679829.0
277,Italy,709734.0
278,Italy,731987.0
279,Italy,760228.0
280,Italy,790776.0
281,Italy,825278.0
282,Italy,863080.0
283,Italy,902889.0
284,Italy,935503.0
285,Italy,960772.0
286,Italy,995862.0
287,Italy,1028823.0
288,Italy,1066800.0
289,Italy,1107702.0
290,Italy,1144951.0
291,Italy,1178928.0
292,Italy,1206280.0
293,Italy,1238471.0
294,Italy,1272751.0
295,Italy,1308927.0
296,Italy,1346166.0
297,Italy,1380930.0
298,Italy,1409267.0
299,Italy,1432194.0
300,Italy,1455421.0
301,Italy,1481273.0
302,Italy,1510274.0
303,Italy,1538616.0
304,Italy,1564931.0
305,Italy,1585577.0
306,Italy,1601953.0
307,Italy,1621300.0
308,Italy,1642009.0
309,Italy,1665228.0
310,Italy,1689338.0
311,Italy,1710390.0
312,Italy,1729277.0
313,Italy,1742956.0
314,Italy,1757793.0
315,Italy,1770548.0
316,Italy,1787546.0
317,Italy,1806272.0
318,Italy,1826174.0
319,Italy,1844111.0
320,Italy,1856136.0
321,Italy,1870975.0
322,Italy,1888543.0
323,Italy,1906776.0
324,Italy,1922177.0
325,Italy,1938482.0
326,Italy,1953584.0
327,Italy,1964453.0
328,Italy,1977769.0
329,Italy,1991677.0
330,Italy,2009716.0
331,Italy,2028753.0
332,Italy,2039182.0
333,Italy,2048095.0
334,Italy,2056676.0
335,Italy,2067886.0
336,Italy,2083689.0
337,Italy,2107166.0
338,Italy,2129376.0
339,Italy,2141201.0
340,Italy,2155446.0
341,Italy,2166244.0
342,Italy,2181619.0
343,Italy,2201945.0
344,Italy,2220361.0
345,Italy,2237890.0
346,Italy,2257866.0
347,Italy,2276491.0
348,Italy,2289021.0
349,Italy,2303263.0
350,Italy,2319036.0
351,Italy,2336279.0
352,Italy,2352423.0
353,Italy,2368733.0
354,Italy,2381277.0
355,Italy,2390102.0
356,Italy,2400598.0
357,Italy,2414166.0
358,Italy,2428221.0
359,Italy,2441854.0
360,Italy,2455185.0
361,Italy,2466813.0
362,Italy,2475372.0
363,Italy,2485956.0
364,Italy,2501147.0
365,Italy,2515507.0
366,Italy,2529070.0
367,Italy,2541783.0
368,Italy,2553032.0
369,Italy,2560957.0
370,Italy,2570608.0
371,Italy,2583790.0
372,Italy,2597446.0
373,Italy,2611659.0
374,Italy,2625098.0
375,Italy,2636738.0
376,Italy,2644707.0
377,Italy,2655319.0
378,Italy,2668266.0
379,Italy,2683403.0
380,Italy,2697296.0
381,Italy,2710819.0
382,Italy,2721879.0
383,Italy,2729223.0
384,Italy,2739591.0
385,Italy,2751657.0
386,Italy,2765412.0
387,Italy,2780882.0
388,Italy,2795796.0
389,Italy,2809246.0
390,Italy,2818863.0
391,Italy,2832162.0
392,Italy,2848564.0
393,Italy,2868435.0
394,Italy,2888923.0
395,Italy,2907825.0
396,Italy,2925265.0
397,Italy,2938371.0
398,Italy,2955434.0
399,Italy,2976274.0
400,Italy,2999119.0
401,Italy,3023129.0
402,Italy,3046762.0
403,Italy,3067486.0
404,Italy,3081368.0
405,Italy,3101093.0
406,Italy,3123368.0
407,Italy,3149017.0
408,Italy,3175807.0
409,Italy,3201838.0
410,Italy,3223142.0
411,Italy,3238394.0
412,Italy,3258770.0
413,Italy,3281810.0
414,Italy,3306711.0
415,Italy,3332418.0
416,Italy,3356331.0
417,Italy,3376376.0
418,Italy,3400877.0
419,Italy,3419616.0
420,Italy,3440862.0
421,Italy,3464645.0
422,Italy,3488619.0
423,Italy,3512390.0
424,Italy,3531994.0
425,Italy,3544894.0
426,Italy,3560945.0
427,Italy,3583444.0
428,Italy,3607083.0
429,Italy,3629000.0
430,Italy,3650247.0
431,Italy,3668264.0
432,Italy,3678944.0
433,Italy,3686707.0
434,Italy,3700393.0
435,Italy,3717602.0
436,Italy,3736526.0
437,Italy,3754077.0
438,Italy,3769814.0
439,Italy,3779594.0
440,Italy,3793033.0
441,Italy,3809193.0
442,Italy,3826156.0
443,Italy,3842079.0
444,Italy,3857443.0
445,Italy,3870131.0
446,Italy,3878994.0
447,Italy,3891063.0
448,Italy,3904899.0
449,Italy,3920945.0
450,Italy,3935703.0
451,Italy,3949517.0
452,Italy,3962674.0
453,Italy,3971114.0
454,Italy,3981512.0
455,Italy,3994894.0
456,Italy,4009208.0
457,Italy,4022653.0
458,Italy,4035617.0
459,Italy,4044762.0
460,Italy,4050708.0
461,Italy,4059821.0
462,Italy,4070400.0
463,Italy,4082198.0
464,Italy,4092747.0
465,Italy,4102921.0
466,Italy,4111210.0
467,Italy,4116287.0
468,Italy,4123230.0
469,Italy,4131078.0
470,Italy,4139160.0
471,Italy,4146722.0
472,Italy,4153374.0
473,Italy,4159122.0
474,Italy,4162576.0
475,Italy,4167025.0
476,Italy,4172525.0
477,Italy,4178261.0
478,Italy,4183476.0
479,Italy,4188190.0
480,Italy,4192183.0
481,Italy,4194672.0
482,Italy,4197892.0
483,Italy,4201827.0
484,Italy,4205970.0
485,Italy,4209707.0
486,Italy,4213055.0
487,Italy,4216003.0
488,Italy,4217821.0
489,Italy,4220304.0
490,Italy,4223200.0
491,Italy,4225163.0
492,Italy,4227719.0
493,Italy,4230153.0
494,Italy,4232428.0
495,Italy,4233698.0
496,Italy,4235592.0
497,Italy,4237790.0
498,Italy,4239868.0
499,Italy,4241760.0
500,Italy,4243482.0
501,Italy,4244872.0
502,Italy,4245779.0
503,Italy,4247032.0
504,Italy,4248432.0
505,Italy,4249755.0
506,Italy,4250902.0
507,Italy,4252095.0
508,Italy,4252976.0
509,Italy,4253460.0
510,Italy,4254294.0
511,Italy,4255434.0
512,Italy,4255700.0
513,Italy,4256451.0
514,Italy,4257289.0
515,Italy,4258069.0
516,Italy,4258456.0
517,Italy,4259133.0
518,Italy,4259909.0
519,Italy,4260788.0
520,Italy,4261582.0
521,Italy,4262511.0
522,Italy,4263317.0
523,Italy,4263797.0
524,Italy,4264704.0
525,Italy,4265714.0
526,Italy,4267105.0
527,Italy,4268491.0
528,Italy,4269885.0
529,Italy,4271276.0
530,Italy,4272163.0
531,Italy,4273693.0
532,Italy,4275846.0
533,Italy,4278319.0
534,Italy,4281214.0
535,Italy,4284332.0
536,Italy,4287458.0
537,Italy,4289528.0
538,Italy,4293083.0
539,Italy,4297337.0
540,Italy,4302393.0
541,Italy,4307535.0
542,Italy,4312673.0
543,Italy,4317415.0
544,Italy,4320530.0
545,Italy,4325046.0
546,Italy,4330739.0
547,Italy,4336906.0
548,Italy,4343519.0
549,Italy,4350028.0
550,Italy,4355348.0
551,Italy,4358533.0
552,Italy,4363374.0
553,Italy,4369964.0
554,Italy,4377188.0
555,Italy,4383787.0
556,Italy,4390684.0
557,Italy,4396417.0
558,Italy,4400617.0
559,Italy,4406241.0
560,Italy,4413162.0
561,Italy,4420429.0
562,Italy,4427827.0
563,Italy,4435008.0
564,Italy,4440669.0
565,Italy,4444338.0
566,Italy,4449606.0
567,Italy,4456765.0
568,Italy,4464005.0
569,Italy,4471225.0
570,Italy,4478691.0
571,Italy,4484613.0
572,Italy,4488779.0
573,Italy,4494857.0
574,Italy,4502396.0
575,Italy,4509611.0
576,Italy,4517434.0
577,Italy,4524292.0
578,Italy,4530246.0
579,Italy,4534499.0
580,Italy,4539991.0
581,Italy,4546487.0
582,Italy,4553241.0
583,Italy,4559970.0
584,Italy,4566126.0
585,Italy,4571440.0
586,Italy,4574787.0
587,Italy,4579502.0
588,Italy,4585423.0
589,Italy,4590941.0
590,Italy,4596558.0
591,Italy,4601749.0
592,Italy,4606413.0
593,Italy,4609205.0
594,Italy,4613214.0
595,Italy,4618040.0
596,Italy,4623155.0
597,Italy,4627699.0
598,Italy,4632275.0
599,Italy,4636111.0
600,Italy,4638516.0
601,Italy,4641890.0
602,Italy,4645853.0
603,Italy,4649906.0
604,Italy,4653696.0
605,Italy,4657215.0
606,Italy,4660314.0
607,Italy,4662087.0
608,Italy,4665049.0
609,Italy,4668261.0
610,Italy,4672355.0
611,Italy,4675758.0
612,Italy,4679067.0
613,Italy,4682034.0
614,Italy,4683646.0
615,Italy,4686109.0
616,Italy,4689341.0
617,Italy,4692274.0
618,Italy,4695291.0
619,Italy,4698038.0
620,Italy,4700316.0
621,Italy,4701832.0
622,Italy,4704318.0
623,Italy,4707087.0
624,Italy,4709753.0
625,Italy,4712482.0
626,Italy,4715464.0
627,Italy,4717899.0
628,Italy,4719493.0
629,Italy,4722188.0
630,Italy,4725887.0
631,Italy,4729678.0
632,Italy,4733557.0
633,Italy,4737462.0
634,Italy,4741185.0
635,Italy,4743720.0
636,Italy,4747773.0
637,Italy,4752368.0
638,Italy,4757231.0
639,Italy,4762563.0
640,Italy,4767440.0
641,Italy,4771965.0
642,Italy,4774783.0
643,Italy,4777614.0
644,Italy,4782802.0
645,Italy,4788704.0
646,Italy,4795465.0
647,Italy,4802225.0
648,Italy,4808047.0
649,Italy,4812594.0
650,Italy,4818705.0
651,Italy,4826738.0
652,Italy,4835435.0
653,Italy,4843957.0
654,Italy,4852496.0
655,Italy,4860061.0
656,Italy,4865260.0
657,Italy,4873075.0
658,Italy,4883242.0
659,Italy,4893887.0
660,Italy,4904441.0
661,Italy,4915981.0
662,Italy,4925688.0
663,Italy,4932091.0
664,Italy,4942135.0
665,Italy,4954585.0
666,Italy,4968341.0
667,Italy,4982022.0
668,Italy,4994891.0
669,Italy,5007818.0
670,Italy,5015790.0
671,Italy,5028547.0
672,Italy,5043620.0
673,Italy,5060430.0
674,Italy,5077445.0
675,Italy,5094072.0
676,Italy,5109082.0
677,Italy,5118576.0
678,Italy,5134318.0
679,Italy,5152264.0
680,Italy,5164780.0
681,Italy,5185270.0
682,Italy,5206305.0
683,Italy,5225517.0
684,Italy,5238221.0
685,Italy,5258886.0
686,Italy,5282076.0
687,Italy,5308180.0
688,Italy,5336795.0
689,Italy,5364852.0
690,Italy,5389155.0
691,Italy,5405360.0
692,Italy,5436143.0
693,Italy,5472469.0
694,Italy,5517054.0
695,Italy,5567644.0
696,Italy,5622431.0
697,Italy,5647313.0
698,Italy,5678112.0
699,Italy,5756412.0
700,Italy,5854428.0
701,Italy,5981428.0
702,Italy,6125683.0
703,Italy,6267035.0
704,Italy,6328076.0
705,Italy,6396110.0
706,Italy,6566947.0
707,Italy,6756035.0
708,Italy,6975465.0
709,Italy,7083762.0
710,Italy,7281297.0
711,Italy,7436939.0
712,Italy,7554344.0
713,Italy,7774863.0
714,Italy,7971068.0
715,Italy,8155645.0
716,Italy,8356514.0
717,Italy,8549450.0
718,Italy,8706915.0
719,Italy,8790302.0
720,Italy,9018425.0
721,Italy,9219391.0
722,Italy,9418256.0
723,Italy,9603856.0
724,Italy,9781191.0
725,Italy,9923678.0
726,Italy,10001344.0
727,Italy,10216395.0
728,Italy,10383561.0
729,Italy,10539601.0
730,Italy,10683948.0
731,Italy,10821375.0
732,Italy,10925485.0
733,Italy,10983116.0
734,Italy,11116422.0
735,Italy,11235745.0
736,Italy,11348701.0
737,Italy,11449601.0
738,Italy,11542793.0
739,Italy,11621736.0
740,Italy,11663338.0
741,Italy,11765767.0
742,Italy,11847436.0
743,Italy,11923631.0
744,Italy,11991109.0
745,Italy,12053330.0
746,Italy,12105675.0
747,Italy,12134451.0
748,Italy,12205474.0
749,Italy,12265343.0
750,Italy,12323398.0
751,Italy,12377098.0
752,Italy,12427773.0
753,Italy,12469975.0
754,Italy,12494459.0
755,Italy,12554596.0
756,Italy,12603758.0
757,Italy,12651251.0
758,Italy,12693320.0
759,Italy,12732680.0
760,Italy,12764558.0
761,Italy,12782836.0
762,Italy,12829972.0
763,Italy,12867918.0
764,Italy,12910506.0
765,Italy,12948859.0
766,Italy,12990223.0
767,Italy,13026112.0
768,Italy,13048774.0
769,Italy,13109527.0
770,Italy,13159342.0
771,Italy,13214498.0
772,Italy,13268459.0
773,Italy,13323128.0
774,Italy,13373207.0
775,Italy,13402905.0
776,Italy,13489319.0
777,Italy,13563466.0
778,Italy,13645834.0
779,Italy,13724411.0
780,Italy,13800179.0
781,Italy,13861743.0
782,Italy,13895188.0
783,Italy,13992092.0
784,Italy,14070450.0
785,Italy,14153098.0
786,Italy,14229495.0
787,Italy,14304111.0
788,Italy,14364723.0
789,Italy,14396283.0
790,Italy,14496579.0
791,Italy,14567990.0
792,Italy,14642354.0
793,Italy,14719394.0
794,Italy,14790806.0
795,Italy,14845815.0
796,Italy,14877144.0
797,Italy,14966058.0
798,Italy,15035943.0
799,Italy,15106066.0
800,Italy,15173707.0
801,Italy,15238128.0
802,Italy,15292048.0
803,Italy,15320753.0
804,Italy,15404809.0
805,Italy,15467395.0
806,Italy,15533012.0
807,Italy,15595302.0
808,Italy,15659835.0
809,Italy,15712088.0
810,Italy,15730676.0
811,Italy,15758002.0
812,Italy,15858442.0
813,Italy,15934437.0
814,Italy,16008181.0
815,Italy,16079209.0
816,Italy,16136057.0
817,Italy,16161339.0
818,Italy,16191323.0
819,Italy,16279754.0
820,Italy,16349788.0
821,Italy,16409183.0
822,Italy,16463200.0
823,Italy,16504791.0
824,Italy,16523859.0
825,Italy,16586268.0
826,Italy,16633911.0
827,Italy,16682626.0
828,Italy,16726990.0
829,Italy,16767773.0
830,Italy,16798998.0
831,Italy,16816419.0
832,Italy,16872618.0
833,Italy,16915301.0
834,Italy,16954784.0
835,Italy,16993813.0
836,Italy,17030147.0
837,Italy,17057873.0
838,Italy,17071649.0
839,Italy,17116550.0
840,Italy,17147477.0
841,Italy,17178199.0
842,Italy,17205017.0
843,Italy,17229263.0
844,Italy,17247552.0
845,Italy,17257573.0
846,Italy,17289433.0
847,Italy,17312432.0
848,Italy,17335068.0
849,Italy,17355119.0
850,Italy,17373741.0
851,Italy,17388877.0
852,Italy,17396723.0
853,Italy,17421410.0
854,Italy,17440232.0
855,Italy,17457950.0
856,Italy,17467642.0
857,Italy,17490451.0
858,Italy,17505973.0
859,Italy,17514589.0
860,Italy,17543136.0
861,Italy,17566061.0
862,Italy,17589595.0
863,Italy,17611607.0
864,Italy,17634065.0
865,Italy,17653375.0
866,Italy,17664043.0
867,Italy,17703887.0
868,Italy,17736696.0
869,Italy,17773764.0
870,Italy,17809934.0
871,Italy,17844905.0
872,Italy,17879160.0
873,Italy,17896065.0
874,Italy,17959329.0
875,Italy,18014202.0
876,Italy,18071634.0
877,Italy,18128044.0
878,Italy,18184917.0
879,Italy,18234242.0
880,Italy,18259261.0
881,Italy,18343422.0
882,Italy,18438877.0
883,Italy,18523111.0
884,Italy,18610011.0
885,Italy,18695954.0
886,Italy,18768871.0
887,Italy,18805756.0
888,Italy,18938771.0
889,Italy,19048788.0
890,Italy,19157174.0
891,Italy,19259037.0
892,Italy,19357938.0
893,Italy,19439501.0
894,Italy,19523262.0
895,Italy,19667320.0
896,Italy,19778911.0
897,Italy,19887543.0
898,Italy,19985479.0
899,Italy,20076863.0
900,Italy,20145859.0
901,Italy,20177910.0
902,Italy,20299013.0
903,Italy,20385814.0
904,Italy,20467349.0
905,Italy,20539016.0
906,Italy,20608190.0
907,Italy,20660065.0
908,Italy,20684182.0
909,Italy,20772833.0
910,Italy,20837233.0
911,Italy,20898059.0
912,Italy,20952476.0
913,Italy,21002773.0
914,Italy,21040025.0
915,Italy,21059545.0
916,Italy,21124644.0
917,Italy,21170600.0
918,Italy,21213559.0
919,Italy,21251774.0
920,Italy,21286771.0
921,Italy,21313427.0
922,Italy,21325402.0
923,Italy,21368480.0
924,Italy,21400179.0
925,Italy,21428602.0
926,Italy,21455291.0
927,Italy,21480076.0
928,Italy,21499531.0
929,Italy,21509424.0
930,Italy,21518365.0
931,Italy,21554626.0
932,Italy,21581917.0
933,Italy,21606606.0
934,Italy,21630998.0
935,Italy,21650468.0
936,Italy,21660885.0
937,Italy,21696242.0
938,Italy,21721630.0
939,Italy,21745065.0
940,Italy,21767060.0
941,Italy,21788862.0
942,Italy,21806509.0
943,Italy,21814856.0
944,Italy,21845943.0
945,Italy,21867757.0
946,Italy,21888255.0
947,Italy,21907413.0
948,Italy,21925073.0
949,Italy,21938269.0
950,Italy,21944877.0
951,Italy,21969725.0
952,Italy,21987295.0
953,Italy,22004612.0
954,Italy,22020154.0
955,Italy,22035717.0
956,Italy,22048032.0
957,Italy,22054443.0
958,Italy,22077601.0
959,Italy,22096450.0
960,Italy,22114423.0
961,Italy,22131785.0
962,Italy,22148935.0
963,Italy,22161016.0
964,Italy,22169273.0
965,Italy,22197658.0
966,Italy,22218846.0
967,Italy,22241369.0
968,Italy,22262452.0
969,Italy,22284812.0
970,Italy,22303606.0
971,Italy,22313612.0
972,Italy,22358487.0
973,Italy,22395282.0
974,Italy,22432803.0
975,Italy,22467278.0
976,Italy,22500346.0
977,Italy,22529252.0
978,Italy,22542568.0
979,Italy,22602840.0
980,Italy,22648063.0
981,Italy,22692912.0
982,Italy,22737577.0
983,Italy,22781293.0
984,Italy,22815736.0
985,Italy,22830825.0
986,Italy,22896742.0
987,Italy,22944496.0
988,Italy,22990201.0
989,Italy,23030777.0
990,Italy,23069745.0
991,Italy,23099983.0
992,Italy,23114013.0
993,Italy,23172370.0
994,Italy,23214073.0
995,Italy,23254633.0
996,Italy,23290747.0
997,Italy,23322522.0
998,Italy,23348075.0
999,Italy,23359680.0
1000,Italy,23408393.0
1001,Italy,23443429.0
1002,Italy,23475187.0
1003,Italy,23504224.0
1004,Italy,23531023.0
1005,Italy,23549523.0
1006,Italy,23557491.0
1007,Italy,23588910.0
1008,Italy,23603016.0
1009,Italy,23642011.0
1010,Italy,23670432.0
1011,Italy,23697012.0
1012,Italy,23717678.0
1013,Italy,23727919.0
1014,Italy,23766824.0
1015,Italy,23794996.0
1016,Italy,23823192.0
1017,Italy,23850425.0
1018,Italy,23878193.0
1019,Italy,23900994.0
1020,Italy,23912307.0
1021,Italy,23959641.0
1022,Italy,23995828.0
1023,Italy,24031538.0
1024,Italy,24066368.0
1025,Italy,24099206.0
1026,Italy,24125161.0
1027,Italy,24137832.0
1028,Italy,24188113.0
1029,Italy,24223753.0
1030,Italy,24260660.0
1031,Italy,24295256.0
1032,Italy,24327664.0
1033,Italy,24351620.0
1034,Italy,24363886.0
1035,Italy,24414506.0
1036,Italy,24451483.0
1037,Italy,24488080.0
1038,Italy,24521929.0
1039,Italy,24555456.0
1040,Italy,24580870.0
1041,Italy,24593417.0
1042,Italy,24642880.0
1043,Italy,24678245.0
1044,Italy,24709404.0
1045,Italy,24720510.0
1046,Italy,24753889.0
1047,Italy,24777130.0
1048,Italy,24788784.0
1049,Italy,24831241.0
1050,Italy,24859111.0
1051,Italy,24884034.0
1052,Italy,24907108.0
1053,Italy,24928076.0
1054,Italy,24944342.0
1055,Italy,24952887.0
1056,Italy,24981362.0
1057,Italy,25002042.0
1058,Italy,25021606.0
1059,Italy,25040738.0
1060,Italy,25060503.0
1061,Italy,25076477.0
1062,Italy,25081005.0
1063,Italy,25089327.0
1064,Italy,25119088.0
1065,Italy,25143705.0
1066,Italy,25168438.0
1067,Italy,25192831.0
1068,Italy,25210071.0
1069,Italy,25215501.0
1070,Italy,25242603.0
1071,Italy,25261808.0
1072,Italy,25279682.0
1073,Italy,25296176.0
1074,Italy,25301143.0
1075,Italy,25314568.0
1076,Italy,25320188.0
1077,Italy,25340804.0
1078,Italy,25352924.0
1079,Italy,25363742.0
1080,Italy,25372824.0
1081,Italy,25380888.0
1082,Italy,25386702.0
1083,Italy,25389740.0
1084,Italy,25400959.0
1085,Italy,25408577.0
1086,Italy,25415630.0
1087,Italy,25422333.0
1088,Italy,25428078.0
1089,Italy,25431798.0
1090,Italy,25434297.0
1091,Italy,25442358.0
1092,Italy,25448258.0
1093,Italy,25453789.0
1094,Italy,25458763.0
1095,Italy,25464800.0
1096,Italy,25468243.0
1097,Italy,25470070.0
1098,Italy,25477367.0
1099,Italy,25482610.0
1100,Italy,25488166.0
1101,Italy,25492841.0
1102,Italy,25497551.0
1103,Italy,25501038.0
1104,Italy,25502838.0
1105,Italy,25509958.0
1106,Italy,25514664.0
1107,Italy,25519067.0
1108,Italy,25523028.0
1109,Italy,25526837.0
1110,Italy,25529672.0
1111,Italy,25531251.0
1112,Italy,25537984.0
1113,Italy,25542817.0
1114,Italy,25547414.0
1115,Italy,25551788.0
1116,Italy,25555983.0
1117,Italy,25559060.0
1118,Italy,25560673.0
1119,Italy,25567471.0
1120,Italy,25572132.0
1121,Italy,25576852.0
1122,Italy,25581266.0
1123,Italy,25585160.0
1124,Italy,25587999.0
1125,Italy,25589493.0
1126,Italy,25595385.0
1127,Italy,25600013.0
1128,Italy,25603510.0
1129,Italy,25603510.0
1130,Italy,25603510.0
1131,Italy,25603510.0
1132,Italy,25603510.0
1133,Italy,25603510.0
